CAT_DETAIL,Date,Category,Cat_CaseCount,Cat_Percent,CAT_DEATHCOUNT,CAT_DEATHPERCENT
White,04-08-20,RACE,1140,0.261348,,
Black or African American,04-08-20,RACE,320,0.073361,,
Asian,04-08-20,RACE,32,0.007336,,
Other/Multiracial,04-08-20,RACE,106,0.024301,,
Pending,04-08-20,RACE,2764,0.633654,,
Not Hispanic or Latino,04-08-20,ETHNICITY,2349,0.538514,,
Hispanic,04-08-20,ETHNICITY,155,0.035534,,
Pending,04-08-20,ETHNICITY,1858,0.425951,,
Female,04-08-20,SEX,2247,0.515131,,
Male,04-08-20,SEX,2028,0.491279,,
Pending,04-08-20,SEX,87,0.031431,,
White,04-09-20,RACE,2013,0.434398,,
Black or African American,04-09-20,RACE,668,0.127774,,
Asian,04-09-20,RACE,51,0.007968,,
Other/Multiracial,04-09-20,RACE,186,0.039207,,
Pending,04-09-20,RACE,1716,0.196159,,
Not Hispanic or Latino,04-09-20,ETHNICITY,2607,0.562581,,
Hispanic,04-09-20,ETHNICITY,184,0.039707,,
Pending,04-09-20,ETHNICITY,1843,0.397713,,
Female,04-09-20,SEX,2398,0.517479,,
Male,04-09-20,SEX,2155,0.465041,,
Pending,04-09-20,SEX,81,0.017479,,
White,04-10-20,RACE,2305,0.474085,,
Black or African American,04-10-20,RACE,803,0.165158,,
Asian,04-10-20,RACE,61,0.012546,,
Other/Multiracial,04-10-20,RACE,224,0.046072,,
Pending,04-10-20,RACE,1469,0.302139,,
Not Hispanic or Latino,04-10-20,ETHNICITY,2806,0.577129,,
Hispanic,04-10-20,ETHNICITY,204,0.041958,,
Pending,04-10-20,ETHNICITY,1852,0.380913,,
Female,04-10-20,SEX,2514,0.517071,,
Male,04-10-20,SEX,2267,0.466269,,
Pending,04-10-20,SEX,81,0.016660,,
White,04-11-20,RACE,2305,0.450724,,
Black or African American,04-11-20,RACE,801,0.156629,,
Asian,04-11-20,RACE,61,0.011928,,
Other/Multiracial,04-11-20,RACE,224,0.043801,,
Pending,04-11-20,RACE,1723,0.336918,,
Not Hispanic or Latino,04-11-20,ETHNICITY,2940,0.574892,,
Hispanic,04-11-20,ETHNICITY,225,0.043997,,
Pending,04-11-20,ETHNICITY,1949,0.381111,,
Female,04-11-20,SEX,2651,0.518381,,
Male,04-11-20,SEX,2372,0.463825,,
Pending,04-11-20,SEX,91,0.017794,,
White,04-12-20,RACE,2504,0.454199,,
Black or African American,04-12-20,RACE,922,0.167241,,
Asian,04-12-20,RACE,73,0.013241,,
Other/Multiracial,04-12-20,RACE,266,0.048250,,
Pending,04-12-20,RACE,1748,0.317069,,
Not Hispanic or Latino,04-12-20,ETHNICITY,3291,0.620008,,
Hispanic,04-12-20,ETHNICITY,269,0.050678,,
Pending,04-12-20,ETHNICITY,1748,0.329314,,
Female,04-12-20,SEX,2740,0.516202,,
Male,04-12-20,SEX,2464,0.464205,,
Pending,04-12-20,SEX,104,0.019593,,
White,04-13-20,RACE,2504,0.446346,,
Black or African American,04-13-20,RACE,919,0.163815,,
Asian,04-13-20,RACE,73,0.013012,,
Other/Multiracial,04-13-20,RACE,266,0.047415,,
Pending,04-13-20,RACE,1848,0.329412,,
Not Hispanic or Latino,04-13-20,ETHNICITY,3453,0.615508,,
Hispanic,04-13-20,ETHNICITY,283,0.050446,,
Pending,04-13-20,ETHNICITY,1874,0.334046,,
Female,04-13-20,SEX,2885,0.51426,,
Male,04-13-20,SEX,2589,0.461497,,
Pending,04-13-20,SEX,136,0.024242,,
White,04-14-20,RACE,2861,0.491327,,
Black or African American,04-14-20,RACE,1143,0.196291,,
Asian,04-14-20,RACE,83,0.014254,,
Other/Multiracial,04-14-20,RACE,358,0.061480,,
Pending,04-14-20,RACE,1378,0.236648,,
Not Hispanic or Latino,04-14-20,ETHNICITY,3695,0.634553,,
Hispanic,04-14-20,ETHNICITY,312,0.053581,,
Pending,04-14-20,ETHNICITY,1816,0.311867,,
Female,04-14-20,SEX,2993,0.513996,,
Male,04-14-20,SEX,2703,0.464194,,
Pending,04-14-20,SEX,127,0.02181,,
White,04-15-20,RACE,2972,0.488896,,
Black or African American,04-15-20,RACE,1218,0.200362,,
Asian,04-15-20,RACE,88,0.014476,,
Other/Multiracial,04-15-20,RACE,350,0.057575,,
Pending,04-15-20,RACE,1451,0.238691,,
Not Hispanic or Latino,04-15-20,ETHNICITY,3873,0.637111,,
Hispanic,04-15-20,ETHNICITY,346,0.056917,,
Pending,04-15-20,ETHNICITY,1860,0.305971,,
Female,04-15-20,SEX,3109,0.511433,,
Male,04-15-20,SEX,2809,0.462083,,
Pending,04-15-20,SEX,161,0.026485,,
White,04-16-20,RACE,3094,0.508965,,
Black or African American,04-16-20,RACE,1298,0.409722,,
Asian,04-16-20,RACE,104,0.032828,,
Other/Multiracial,04-16-20,RACE,378,0.119318,,
Pending,04-16-20,RACE,1388,0.438131,,
Not Hispanic or Latino,04-16-20,ETHNICITY,4062,0.648675,,
Hispanic,04-16-20,ETHNICITY,384,0.061322,,
Pending,04-16-20,ETHNICITY,1816,0.290003,,
Female,04-16-20,SEX,3209,0.512456,,
Male,04-16-20,SEX,2895,0.462312,,
Pending,04-16-20,SEX,158,0.025232,,
Other/ Multiracial,04-17-20,RACE,397,0.060404,,
White,04-17-20,RACE,3195,0.484899,,
Black or African American,04-17-20,RACE,1383,0.209895,,
Asian,04-17-20,RACE,114,0.017302,,
Pending,04-17-20,RACE,1500,0.2275,,
Not Hispanic or Latino,04-17-20,ETHNICITY,4222,0.640765,,
Hispanic,04-17-20,ETHNICITY,400,0.060707,,
Pending,04-17-20,ETHNICITY,1967,0.298528,,
Female,04-17-20,SEX,3369,0.511307,,
Male,04-17-20,SEX,3050,0.462893,,
Pending,04-17-20,SEX,170,0.025801,,
Other/ Multiracial,04-18-20,RACE,404,0.059746,,
White,04-18-20,RACE,3282,0.485359,,
Black or African American,04-18-20,RACE,1437,0.212511,,
Asian,04-18-20,RACE,123,0.01819,,
Pending,04-18-20,RACE,1516,0.224194,,
Not Hispanic or Latino,04-18-20,ETHNICITY,4358,0.644484,,
Hispanic,04-18-20,ETHNICITY,429,0.063443,,
Pending,04-18-20,ETHNICITY,1975,0.292073,,
Female,04-18-20,SEX,3442,0.509021,,
Male,04-18-20,SEX,3126,0.462289,,
Pending,04-18-20,SEX,194,0.02869,,
Other/ Multiracial,04-19-20,RACE,419,0.059264,,
White,04-19-20,RACE,3347,0.473409,,
Black or African American,04-19-20,RACE,1470,0.207921,,
Asian,04-19-20,RACE,130,0.018388,,
Pending,04-19-20,RACE,1704,0.241018,,
Not Hispanic or Latino,04-19-20,ETHNICITY,4456,0.630269,,
Hispanic,04-19-20,ETHNICITY,441,0.062376,,
Pending,04-19-20,ETHNICITY,2173,0.307355,,
Female,04-19-20,SEX,3586,0.507214,,
Male,04-19-20,SEX,3258,0.46082,,
Pending,04-19-20,SEX,226,0.031966,,
Other/ Multiracial,04-20-20,RACE,432,0.059685,,
White,04-20-20,RACE,3406,0.470572,,
Black or African American,04-20-20,RACE,1512,0.208897,,
Asian,04-20-20,RACE,138,0.019066,,
Pending,04-20-20,RACE,1750,0.241779,,
Not Hispanic or Latino,04-20-20,ETHNICITY,4548,0.62835,,
Hispanic,04-20-20,ETHNICITY,467,0.064521,,
Pending,04-20-20,ETHNICITY,2223,0.307129,,
Female,04-20-20,SEX,3644,0.503454,,
Male,04-20-20,SEX,3364,0.464769,,
Pending,04-20-20,SEX,230,0.031777,,
Other/ Multiracial,04-21-20,RACE,456,0.061672,,
White,04-21-20,RACE,3535,0.47809,,
Black or African American,04-21-20,RACE,1582,0.213957,,
Asian,04-21-20,RACE,151,0.020422,,
Pending,04-21-20,RACE,1670,0.225859,,
Not Hispanic or Latino,04-21-20,ETHNICITY,4732,0.639978,,
Hispanic,04-21-20,ETHNICITY,527,0.071274,,
Pending,04-21-20,ETHNICITY,2135,0.288748,,
Female,04-21-20,SEX,3729,0.504328,,
Male,04-21-20,SEX,3454,0.467136,,
Pending,04-21-20,SEX,211,0.028537,,
Other/ Multiracial,04-22-20,RACE,489,0.062484,,
White,04-22-20,RACE,3637,0.463785,,
Black or African American,04-22-20,RACE,1620,0.20658,,
Asian,04-22-20,RACE,168,0.021423,,
Pending,04-22-20,RACE,1928,0.245728,,
Not Hispanic or Latino,04-22-20,ETHNICITY,4874,0.621525,,
Hispanic,04-22-20,ETHNICITY,580,0.073961,,
Pending,04-22-20,ETHNICITY,2388,0.304514,,
Female,04-22-20,SEX,3880,0.494772,,
Male,04-22-20,SEX,3696,0.471308,,
Pending,04-22-20,SEX,266,0.033920,,
White,04-23-20,RACE,3718,0.449794,,
Black or African American,04-23-20,RACE,1669,0.201911,,
Asian,04-23-20,RACE,176,0.021292,,
Other/Multiracial,04-23-20,RACE,515,0.062303,,
Pending,04-23-20,RACE,2188,0.264699,,
Not Hispanic or Latino,04-23-20,ETHNICITY,4996,0.604404,,
Hispanic,04-23-20,ETHNICITY,622,0.075248,,
Pending,04-23-20,ETHNICITY,2648,0.320348,,
Female,04-23-20,SEX,3950,0.477861,,
Male,04-23-20,SEX,4055,0.490564,,
Pending,04-23-20,SEX,261,0.031575,,
White,04-24-20,RACE,3803,0.435824,,
Black or African American,04-24-20,RACE,1705,0.195393,,
Asian,04-24-20,RACE,183,0.020972,,
Other/Multiracial,04-24-20,RACE,531,0.060853,,
Pending,04-24-20,RACE,2504,0.286959,,
Not Hispanic or Latino,04-24-20,ETHNICITY,5129,0.587784,,
Hispanic,04-24-20,ETHNICITY,652,0.074719,,
Pending,04-24-20,ETHNICITY,2945,0.337497,,
Female,04-24-20,SEX,4059,0.465162,,
Male,04-24-20,SEX,4412,0.505615,,
Pending,04-24-20,SEX,255,0.029223,,
White,04-25-20,RACE,3912,0.425726,,
Black or African American,04-25-20,RACE,1773,0.192948,,
Asian,04-25-20,RACE,189,0.020568,,
Other/Multiracial,04-25-20,RACE,564,0.061378,,
Pending,04-25-20,RACE,2751,0.29938,,
Not Hispanic or Latino,04-25-20,ETHNICITY,5288,0.575471,,
Hispanic,04-25-20,ETHNICITY,701,0.076287,,
Pending,04-25-20,ETHNICITY,3200,0.348242,,
Female,04-25-20,SEX,4272,0.464904,,
Male,04-25-20,SEX,4633,0.50419,,
Pending,04-25-20,SEX,284,0.030907,,
White,04-26-20,RACE,4028,0.416675,,
Black or African American,04-26-20,RACE,1930,0.199648,,
Asian,04-26-20,RACE,193,0.019965,,
Other/Multiracial,04-26-20,RACE,588,0.060825,,
Pending,04-26-20,RACE,2928,0.302886,,
Not Hispanic or Latino,04-26-20,ETHNICITY,5513,0.570291,,
Hispanic,04-26-20,ETHNICITY,731,0.075618,,
Pending,04-26-20,ETHNICITY,3423,0.354091,,
Female,04-26-20,SEX,4436,0.458881,,
Male,04-26-20,SEX,4928,0.509776,,
Pending,04-26-20,SEX,303,0.031344,,
White,04-27-20,RACE,4108,0.414196,,
Black or African American,04-27-20,RACE,1983,0.19994,,
Asian,04-27-20,RACE,203,0.020468,,
Other/Multiracial,04-27-20,RACE,609,0.061404,,
Pending,04-27-20,RACE,3015,0.303993,,
Not Hispanic or Latino,04-27-20,ETHNICITY,5661,0.57078,,
Hispanic,04-27-20,ETHNICITY,754,0.076023,,
Pending,04-27-20,ETHNICITY,3503,0.353196,,
Female,04-27-20,SEX,4568,0.460577,,
Male,04-27-20,SEX,5033,0.507461,,
Pending,04-27-20,SEX,317,0.031962,,
White,04-28-20,RACE,4257,0.423498,,
Black or African American,04-28-20,RACE,2059,0.204835,,
Asian,04-28-20,RACE,223,0.022185,,
Other/Multiracial,04-28-20,RACE,645,0.064166,,
Pending,04-28-20,RACE,2868,0.285316,,
Not Hispanic or Latino,04-28-20,ETHNICITY,5904,0.587346,,
Hispanic,04-28-20,ETHNICITY,830,0.082571,,
Pending,04-28-20,ETHNICITY,3318,0.330084,,
Female,04-28-20,SEX,4639,0.4615,,
Male,04-28-20,SEX,5119,0.509252,,
Pending,04-28-20,SEX,294,0.029248,,
White,04-29-20,RACE,4427,0.427069,,
Black or African American,04-29-20,RACE,2154,0.207795,,
Asian,04-29-20,RACE,239,0.023056,,
Other/Multiracial,04-29-20,RACE,688,0.066371,,
Pending,04-29-20,RACE,2858,0.275709,,
Not Hispanic or Latino,04-29-20,ETHNICITY,6153,0.593575,,
Hispanic,04-29-20,ETHNICITY,899,0.086726,,
Pending,04-29-20,ETHNICITY,3314,0.319699,,
Female,04-29-20,SEX,4763,0.459483,,
Male,04-29-20,SEX,5318,0.513023,,
Pending,04-29-20,SEX,285,0.027494,,
White,04-30-20,RACE,4597,0.428225,,
Black or African American,04-30-20,RACE,2233,0.208011,,
Asian,04-30-20,RACE,259,0.024127,,
Other/Multiracial,04-30-20,RACE,719,0.066977,,
Pending,04-30-20,RACE,2927,0.27266,,
Not Hispanic or Latino,04-30-20,ETHNICITY,6390,0.595249,,
Hispanic,04-30-20,ETHNICITY,977,0.091011,,
Pending,04-30-20,ETHNICITY,3368,0.31374,,
Female,04-30-20,SEX,4916,0.457941,,
Male,04-30-20,SEX,5508,0.513088,,
Pending,04-30-20,SEX,311,0.028971,,
White,05-01-20,RACE,4937,0.415188,,
Black or African American,05-01-20,RACE,2447,0.205786,,
Asian,05-01-20,RACE,274,0.023043,,
Other/Multiracial,05-01-20,RACE,761,0.063998,,
Pending,05-01-20,RACE,3472,0.291986,,
Not Hispanic or Latino,05-01-20,ETHNICITY,6603,0.555294,,
Hispanic,05-01-20,ETHNICITY,1066,0.089648,,
Pending,05-01-20,ETHNICITY,4222,0.355058,,
Female,05-01-20,SEX,5047,0.424439,,
Male,05-01-20,SEX,6104,0.513329,,
Pending,05-01-20,SEX,740,0.062232,,
White,05-02-20,RACE,5129,0.405102,,
Black or African American,05-02-20,RACE,2578,0.203617,,
Asian,05-02-20,RACE,294,0.023221,,
Other/Multiracial,05-02-20,RACE,799,0.063107,,
Pending,05-02-20,RACE,3861,0.304952,,
Not Hispanic or Latino,05-02-20,ETHNICITY,6782,0.535661,,
Hispanic,05-02-20,ETHNICITY,1131,0.089329,,
Pending,05-02-20,ETHNICITY,4748,0.37501,,
Female,05-02-20,SEX,5271,0.416318,,
Male,05-02-20,SEX,6584,0.520022,,
Pending,05-02-20,SEX,806,0.063660,,
White,05-03-20,RACE,5227,0.396676,,
Black or African American,05-03-20,RACE,2630,0.19959,,
Asian,05-03-20,RACE,295,0.022387,,
Other/Multiracial,05-03-20,RACE,840,0.063747,,
Pending,05-03-20,RACE,4185,0.317599,,
Not Hispanic or Latino,05-03-20,ETHNICITY,6917,0.52493,,
Hispanic,05-03-20,ETHNICITY,1184,0.089854,,
Pending,05-03-20,ETHNICITY,5076,0.385217,,
Female,05-03-20,SEX,5473,0.415345,,
Male,05-03-20,SEX,6885,0.522501,,
Pending,05-03-20,SEX,819,0.062154,,
White,05-04-20,RACE,5358,0.394812,,
Black or African American,05-04-20,RACE,2670,0.196743,,
Asian,05-04-20,RACE,297,0.021885,,
Other/Multiracial,05-04-20,RACE,876,0.064549,,
Pending,05-04-20,RACE,4370,0.32201,,
Not Hispanic or Latino,05-04-20,ETHNICITY,7076,0.521406,,
Hispanic,05-04-20,ETHNICITY,1217,0.089677,,
Pending,05-04-20,ETHNICITY,5278,0.388918,,
Female,05-04-20,SEX,5689,0.419203,,
Male,05-04-20,SEX,7063,0.520448,,
Pending,05-04-20,SEX,819,0.060349,,
White,05-05-20,RACE,5507,0.402264,,
Black or African American,05-05-20,RACE,2770,0.202337,,
Asian,05-05-20,RACE,311,0.022717,,
Other/Multiracial,05-05-20,RACE,906,0.066180,,
Pending,05-05-20,RACE,4196,0.306501,,
Not Hispanic or Latino,05-05-20,ETHNICITY,7268,0.530898,,
Hispanic,05-05-20,ETHNICITY,1299,0.094887,,
Pending,05-05-20,ETHNICITY,5123,0.374215,,
Female,05-05-20,SEX,5751,0.420088,,
Male,05-05-20,SEX,7138,0.521402,,
Pending,05-05-20,SEX,801,0.058510,,
White,05-06-20,RACE,5575,0.399986,,
Black or African American,05-06-20,RACE,2854,0.204764,,
Asian,05-06-20,RACE,320,0.022959,,
Other/Multiracial,05-06-20,RACE,937,0.067226,,
Pending,05-06-20,RACE,4252,0.305065,,
Not Hispanic or Latino,05-06-20,ETHNICITY,7386,0.529918,,
Hispanic,05-06-20,ETHNICITY,1369,0.098221,,
Pending,05-06-20,ETHNICITY,5183,0.371861,,
Female,05-06-20,SEX,5857,0.420218,,
Male,05-06-20,SEX,7286,0.522744,,
Pending,05-06-20,SEX,795,0.057038,,
White,05-07-20,RACE,5700,0.40437,,
Black or African American,05-07-20,RACE,2913,0.206654,,
Asian,05-07-20,RACE,326,0.023127,,
Other/Multiracial,05-07-20,RACE,979,0.069452,,
Pending,05-07-20,RACE,4178,0.296396,,
Not Hispanic or Latino,05-07-20,ETHNICITY,7507,0.532562,,
Hispanic,05-07-20,ETHNICITY,1488,0.105562,,
Pending,05-07-20,ETHNICITY,5101,0.361876,,
Female,05-07-20,SEX,5952,0.422247,,
Male,05-07-20,SEX,7360,0.522134,,
Pending,05-07-20,SEX,784,0.055619,,
White,05-08-20,RACE,5859,0.40572,,
Black or African American,05-08-20,RACE,2994,0.207326,,
Asian,05-08-20,RACE,334,0.023129,,
Other/Multiracial,05-08-20,RACE,1022,0.070771,,
Pending,05-08-20,RACE,4232,0.293054,,
Not Hispanic or Latino,05-08-20,ETHNICITY,7688,0.532373,,
Hispanic,05-08-20,ETHNICITY,1599,0.110726,,
Pending,05-08-20,ETHNICITY,5154,0.3569,,
Female,05-08-20,SEX,6089,0.421647,,
Male,05-08-20,SEX,7573,0.52441,,
Pending,05-08-20,SEX,779,0.053944,,
White,05-09-20,RACE,5968,0.404117,,
Black or African American,05-09-20,RACE,3043,0.206054,,
Asian,05-09-20,RACE,341,0.02309,,
Other/Multiracial,05-09-20,RACE,1047,0.070897,,
Pending,05-09-20,RACE,4369,0.295842,,
Not Hispanic or Latino,05-09-20,ETHNICITY,7780,0.526815,,
Hispanic,05-09-20,ETHNICITY,1687,0.114233,,
Pending,05-09-20,ETHNICITY,5301,0.358952,,
Female,05-09-20,SEX,6224,0.421452,,
Male,05-09-20,SEX,7735,0.523768,,
Pending,05-09-20,SEX,809,0.054781,,
White,05-10-20,RACE,6016,0.401468,,
Black or African American,05-10-20,RACE,3087,0.206006,,
Asian,05-10-20,RACE,342,0.022823,,
Other/Multiracial,05-10-20,RACE,1062,0.070871,,
Pending,05-10-20,RACE,4478,0.298832,,
Not Hispanic or Latino,05-10-20,ETHNICITY,7843,0.52339,,
Hispanic,05-10-20,ETHNICITY,1715,0.114448,,
Pending,05-10-20,ETHNICITY,5427,0.362162,,
Female,05-10-20,SEX,6299,0.420354,,
Male,05-10-20,SEX,7851,0.523924,,
Pending,05-10-20,SEX,835,0.055722,,
White,05-11-20,RACE,6137,0.394815,,
Black or African American,05-11-20,RACE,3178,0.204452,,
Asian,05-11-20,RACE,342,0.022002,,
Other/Multiracial,05-11-20,RACE,1085,0.069802,,
Pending,05-11-20,RACE,4802,0.308929,,
Not Hispanic or Latino,05-11-20,ETHNICITY,7973,0.512931,,
Hispanic,05-11-20,ETHNICITY,1779,0.114449,,
Pending,05-11-20,ETHNICITY,5792,0.37262,,
Female,05-11-20,SEX,6456,0.415337,,
Male,05-11-20,SEX,8237,0.529915,,
Pending,05-11-20,SEX,851,0.054748,,
White,05-12-20,RACE,6402,0.397368,,
Black or African American,05-12-20,RACE,3396,0.210788,,
Asian,05-12-20,RACE,345,0.021414,,
Other/Multiracial,05-12-20,RACE,1144,0.071069,,
Pending,05-12-20,RACE,4823,0.299361,,
Not Hispanic or Latino,05-12-20,ETHNICITY,8134,0.504872,,
Hispanic,05-12-20,ETHNICITY,1924,0.119484,,
Pending,05-12-20,ETHNICITY,6052,0.375644,,
Female,05-12-20,SEX,6606,0.41003,,
Male,05-12-20,SEX,8644,0.53659,,
Pending,05-12-20,SEX,860,0.053380,,
White,05-13-20,RACE,6611,0.403849,,
Black or African American,05-13-20,RACE,3518,0.214905,,
Asian,05-13-20,RACE,348,0.021258,,
Other/Multiracial,05-13-20,RACE,1215,0.074221,,
Pending,05-13-20,RACE,4678,0.285767,,
Not Hispanic or Latino,05-13-20,ETHNICITY,8330,0.508858,,
Hispanic,05-13-20,ETHNICITY,2063,0.126023,,
Pending,05-13-20,ETHNICITY,5977,0.365119,,
Female,05-13-20,SEX,6697,0.409102,,
Male,05-13-20,SEX,8815,0.538485,,
Pending,05-13-20,SEX,858,0.052413,,
White,05-14-20,RACE,6767,0.405234,,
Black or African American,05-14-20,RACE,3572,0.213905,,
Asian,05-14-20,RACE,353,0.021139,,
Other/Multiracial,05-14-20,RACE,1292,0.077370,,
Pending,05-14-20,RACE,4715,0.282352,,
Not Hispanic or Latino,05-14-20,ETHNICITY,8468,0.507096,,
Hispanic,05-14-20,ETHNICITY,2222,0.133062,,
Pending,05-14-20,ETHNICITY,6009,0.359842,,
Female,05-14-20,SEX,6832,0.409126,,
Male,05-14-20,SEX,9015,0.539853,,
Pending,05-14-20,SEX,852,0.051021,,
White,05-15-20,RACE,6849,0.403595,,
Black or African American,05-15-20,RACE,3609,0.212669,,
Asian,05-15-20,RACE,357,0.021037,,
Other/Multiracial,05-15-20,RACE,1398,0.082381,,
Pending,05-15-20,RACE,4757,0.280318,,
Not Hispanic or Latino,05-15-20,ETHNICITY,8553,0.504007,,
Hispanic,05-15-20,ETHNICITY,2325,0.137006,,
Pending,05-15-20,ETHNICITY,6092,0.358986,,
Female,05-15-20,SEX,6938,0.408839,,
Male,05-15-20,SEX,9128,0.53789,,
Pending,05-15-20,SEX,904,0.053270,,
White,05-16-20,RACE,6991,0.404385,,
Black or African American,05-16-20,RACE,3663,0.211881,,
Asian,05-16-20,RACE,362,0.020939,,
Other/Multiracial,05-16-20,RACE,1458,0.084336,,
Pending,05-16-20,RACE,4814,0.278459,,
Not Hispanic or Latino,05-16-20,ETHNICITY,8657,0.500752,,
Hispanic,05-16-20,ETHNICITY,2445,0.141428,,
Pending,05-16-20,ETHNICITY,6186,0.35782,,
Female,05-16-20,SEX,7089,0.410053,,
Male,05-16-20,SEX,9292,0.537483,,
Pending,05-16-20,SEX,907,0.052464,,
White,05-17-20,RACE,7045,0.405164,,
Black or African American,05-17-20,RACE,3687,0.212043,,
Asian,05-17-20,RACE,364,0.020934,,
Other/Multiracial,05-17-20,RACE,1497,0.086094,,
Pending,05-17-20,RACE,4795,0.275765,,
Not Hispanic or Latino,05-17-20,ETHNICITY,8732,0.502185,,
Hispanic,05-17-20,ETHNICITY,2498,0.143662,,
Pending,05-17-20,ETHNICITY,6158,0.354152,,
Female,05-17-20,SEX,7147,0.411031,,
Male,05-17-20,SEX,9340,0.537152,,
Pending,05-17-20,SEX,901,0.051817,,
White,05-18-20,RACE,7099,0.394148,,
Black or African American,05-18-20,RACE,3747,0.20804,,
Asian,05-18-20,RACE,366,0.020321,,
Other/Multiracial,05-18-20,RACE,1543,0.085670,,
Pending,05-18-20,RACE,5256,0.291822,,
Not Hispanic or Latino,05-18-20,ETHNICITY,8829,0.4902,,
Hispanic,05-18-20,ETHNICITY,2569,0.142635,,
Pending,05-18-20,ETHNICITY,6613,0.367165,,
Female,05-18-20,SEX,7414,0.411637,,
Male,05-18-20,SEX,9680,0.537449,,
Pending,05-18-20,SEX,917,0.050913,,
White,05-19-20,RACE,7258,0.394929,,
Black or African American,05-19-20,RACE,3810,0.207313,,
Asian,05-19-20,RACE,368,0.020024,,
Other/Multiracial,05-19-20,RACE,1650,0.089781,,
Pending,05-19-20,RACE,5292,0.287953,,
Not Hispanic or Latino,05-19-20,ETHNICITY,8982,0.488737,,
Hispanic,05-19-20,ETHNICITY,2767,0.15056,,
Pending,05-19-20,ETHNICITY,6629,0.360703,,
Female,05-19-20,SEX,7597,0.413375,,
Male,05-19-20,SEX,9873,0.537218,,
Pending,05-19-20,SEX,908,0.049407,,
White,05-20-20,RACE,7386,0.398554,,
Black or African American,05-20-20,RACE,3866,0.208612,,
Asian,05-20-20,RACE,375,0.020235,,
Other/Multiracial,05-20-20,RACE,1718,0.092705,,
Pending,05-20-20,RACE,5187,0.279894,,
Not Hispanic or Latino,05-20-20,ETHNICITY,9111,0.491636,,
Hispanic,05-20-20,ETHNICITY,2933,0.158267,,
Pending,05-20-20,ETHNICITY,6488,0.350097,,
Female,05-20-20,SEX,7665,0.413609,,
Male,05-20-20,SEX,9986,0.538852,,
Pending,05-20-20,SEX,881,0.047539,,
White,05-21-20,RACE,7618,0.401772,,
Black or African American,05-21-20,RACE,3932,0.207373,,
Asian,05-21-20,RACE,381,0.020094,,
Other/Multiracial,05-21-20,RACE,1770,0.093350,,
Pending,05-21-20,RACE,5260,0.277412,,
Not Hispanic or Latino,05-21-20,ETHNICITY,9346,0.492906,,
Hispanic,05-21-20,ETHNICITY,3124,0.164759,,
Pending,05-21-20,ETHNICITY,6491,0.342334,,
Female,05-21-20,SEX,7779,0.410263,,
Male,05-21-20,SEX,10378,0.547334,,
Pending,05-21-20,SEX,804,0.042403,,
White,05-22-20,RACE,7796,0.40198,,
Black or African American,05-22-20,RACE,4006,0.206559,,
Asian,05-22-20,RACE,384,0.019800,,
Other/Multiracial,05-22-20,RACE,1854,0.095597,,
Pending,05-22-20,RACE,5354,0.276065,,
Not Hispanic or Latino,05-22-20,ETHNICITY,9586,0.494277,,
Hispanic,05-22-20,ETHNICITY,3324,0.171393,,
Pending,05-22-20,ETHNICITY,6484,0.33433,,
Female,05-22-20,SEX,7987,0.411828,,
Male,05-22-20,SEX,10627,0.547953,,
Pending,05-22-20,SEX,780,0.040219,,
White,05-23-20,RACE,7933,0.400879,,
Black or African American,05-23-20,RACE,4075,0.205922,,
Asian,05-23-20,RACE,385,0.019455,,
Other/Multiracial,05-23-20,RACE,1954,0.098742,,
Pending,05-23-20,RACE,5442,0.275001,,
Not Hispanic or Latino,05-23-20,ETHNICITY,9898,0.500177,,
Hispanic,05-23-20,ETHNICITY,3470,0.17535,,
Pending,05-23-20,ETHNICITY,6421,0.324473,,
Female,05-23-20,SEX,8188,0.413765,,
Male,05-23-20,SEX,10823,0.54692,,
Pending,05-23-20,SEX,778,0.039315,,
White,05-24-20,RACE,8040,0.399106,,
Black or African American,05-24-20,RACE,4139,0.20546,,
Asian,05-24-20,RACE,387,0.019211,,
Other/Multiracial,05-24-20,RACE,2002,0.099379,,
Pending,05-24-20,RACE,5577,0.276843,,
Not Hispanic or Latino,05-24-20,ETHNICITY,10011,0.496947,,
Hispanic,05-24-20,ETHNICITY,3578,0.177612,,
Pending,05-24-20,ETHNICITY,6556,0.325441,,
Female,05-24-20,SEX,8363,0.41514,,
Male,05-24-20,SEX,11004,0.54624,,
Pending,05-24-20,SEX,778,0.038620,,
White,05-25-20,RACE,8135,0.394769,,
Black or African American,05-25-20,RACE,4203,0.20396,,
Asian,05-25-20,RACE,390,0.018926,,
Other/Multiracial,05-25-20,RACE,2066,0.100257,,
Pending,05-25-20,RACE,5813,0.282089,,
Not Hispanic or Latino,05-25-20,ETHNICITY,10117,0.49095,,
Hispanic,05-25-20,ETHNICITY,3706,0.179842,,
Pending,05-25-20,ETHNICITY,6784,0.329209,,
Female,05-25-20,SEX,8567,0.415733,,
Male,05-25-20,SEX,11256,0.546222,,
Pending,05-25-20,SEX,784,0.038045,,
White,05-26-20,RACE,8273,0.39461,,
Black or African American,05-26-20,RACE,4266,0.203482,,
Asian,05-26-20,RACE,394,0.018793,,
Other/Multiracial,05-26-20,RACE,2172,0.103601,,
Pending,05-26-20,RACE,5860,0.279513,,
Not Hispanic or Latino,05-26-20,ETHNICITY,10265,0.489626,,
Hispanic,05-26-20,ETHNICITY,3851,0.183687,,
Pending,05-26-20,ETHNICITY,6849,0.326687,,
Female,05-26-20,SEX,8721,0.415979,,
Male,05-26-20,SEX,11445,0.54591,,
Pending,05-26-20,SEX,799,0.038111,,
White,05-27-20,RACE,8465,0.397306,,
Black or African American,05-27-20,RACE,4383,0.205717,,
Asian,05-27-20,RACE,397,0.018633,,
Other/Multiracial,05-27-20,RACE,2316,0.108702,,
Pending,05-27-20,RACE,5745,0.269642,,
Not Hispanic or Latino,05-27-20,ETHNICITY,10507,0.493147,,
Hispanic,05-27-20,ETHNICITY,4118,0.193279,,
Pending,05-27-20,ETHNICITY,6681,0.313574,,
Female,05-27-20,SEX,8889,0.417206,,
Male,05-27-20,SEX,11613,0.545058,,
Pending,05-27-20,SEX,804,0.037736,,
White,05-28-20,RACE,8696,0.401126,,
Black or African American,05-28-20,RACE,4460,0.205729,,
Asian,05-28-20,RACE,402,0.018543,,
Other/Multiracial,05-28-20,RACE,2469,0.113889,,
Pending,05-28-20,RACE,5652,0.260713,,
Not Hispanic or Latino,05-28-20,ETHNICITY,10733,0.495087,,
Hispanic,05-28-20,ETHNICITY,4316,0.199087,,
Pending,05-28-20,ETHNICITY,6630,0.305826,,
Female,05-28-20,SEX,9070,0.418377,,
Male,05-28-20,SEX,11834,0.545874,,
Pending,05-28-20,SEX,775,0.035749,,
White,05-29-20,RACE,8908,0.403351,,
Black or African American,05-29-20,RACE,4511,0.204256,,
Asian,05-29-20,RACE,406,0.018384,,
Other/Multiracial,05-29-20,RACE,2565,0.116142,,
Pending,05-29-20,RACE,5695,0.257867,,
Not Hispanic or Latino,05-29-20,ETHNICITY,10894,0.493276,,
Hispanic,05-29-20,ETHNICITY,4516,0.204483,,
Pending,05-29-20,ETHNICITY,6675,0.302241,,
Female,05-29-20,SEX,9267,0.419606,,
Male,05-29-20,SEX,12044,0.545348,,
Pending,05-29-20,SEX,774,0.035046,,
White,05-30-20,RACE,9822,0.435257,,
Black or African American,05-30-20,RACE,5124,0.227067,,
Asian,05-30-20,RACE,410,0.018169,,
Other/Multiracial,05-30-20,RACE,2713,0.120225,,
Pending,05-30-20,RACE,4497,0.199282,,
Not Hispanic or Latino,05-30-20,ETHNICITY,11130,0.49322,,
Hispanic,05-30-20,ETHNICITY,4798,0.212621,,
Pending,05-30-20,ETHNICITY,6638,0.294159,,
Female,05-30-20,SEX,9508,0.421342,,
Male,05-30-20,SEX,12280,0.544182,,
Pending,05-30-20,SEX,778,0.034477,,
White,05-31-20,RACE,9934,0.4318,,
Black or African American,05-31-20,RACE,5202,0.226115,,
Asian,05-31-20,RACE,411,0.017865,,
Other/Multiracial,05-31-20,RACE,2799,0.121664,,
Pending,05-31-20,RACE,4660,0.202556,,
Not Hispanic or Latino,05-31-20,ETHNICITY,11275,0.49009,,
Hispanic,05-31-20,ETHNICITY,4930,0.214292,,
Pending,05-31-20,ETHNICITY,6801,0.295619,,
Female,05-31-20,SEX,9717,0.422368,,
Male,05-31-20,SEX,12507,0.543641,,
Pending,05-31-20,SEX,782,0.033991,,
White,06-01-20,RACE,10114,0.429396,,
Black or African American,06-01-20,RACE,5265,0.223529,,
Asian,06-01-20,RACE,413,0.017534,,
Other/Multiracial,06-01-20,RACE,2866,0.121678,,
Pending,06-01-20,RACE,4896,0.207863,,
Not Hispanic or Latino,06-01-20,ETHNICITY,11446,0.485947,,
Hispanic,06-01-20,ETHNICITY,5144,0.218392,,
Pending,06-01-20,ETHNICITY,6964,0.295661,,
Female,06-01-20,SEX,9959,0.422816,,
Male,06-01-20,SEX,12812,0.543942,,
Pending,06-01-20,SEX,783,0.033243,,
White,06-02-20,RACE,10340,0.424205,,
Black or African American,06-02-20,RACE,5378,0.220636,,
Asian,06-02-20,RACE,417,0.017108,,
Other/Multiracial,06-02-20,RACE,3345,0.137231,,
Pending,06-02-20,RACE,4895,0.200821,,
Not Hispanic or Latino,06-02-20,ETHNICITY,11668,0.478687,,
Hispanic,06-02-20,ETHNICITY,5368,0.220226,,
Pending,06-02-20,ETHNICITY,7339,0.301087,,
Female,06-02-20,SEX,10175,0.417436,,
Male,06-02-20,SEX,13119,0.538215,,
Pending,06-02-20,SEX,1081,0.044349,,
White,06-03-20,RACE,10589,0.426597,,
Black or African American,06-03-20,RACE,5472,0.22045,,
Asian,06-03-20,RACE,423,0.017041,,
Other/Multiracial,06-03-20,RACE,3546,0.142857,,
Pending,06-03-20,RACE,4792,0.193055,,
Not Hispanic or Latino,06-03-20,ETHNICITY,11937,0.480904,,
Hispanic,06-03-20,ETHNICITY,5613,0.22613,,
Pending,06-03-20,ETHNICITY,7272,0.292966,,
Female,06-03-20,SEX,10369,0.417734,,
Male,06-03-20,SEX,13448,0.541777,,
Pending,06-03-20,SEX,1005,0.040488,,
White,06-04-20,RACE,10736,0.427389,,
Black or African American,06-04-20,RACE,5551,0.220979,,
Asian,06-04-20,RACE,427,0.016998,,
Other/Multiracial,06-04-20,RACE,3613,0.14383,,
Pending,06-04-20,RACE,4793,0.190804,,
Not Hispanic or Latino,06-04-20,ETHNICITY,12130,0.482882,,
Hispanic,06-04-20,ETHNICITY,5773,0.229817,,
Pending,06-04-20,ETHNICITY,7217,0.287301,,
Female,06-04-20,SEX,10527,0.419068,,
Male,06-04-20,SEX,13617,0.542078,,
Pending,06-04-20,SEX,976,0.038854,,
White,06-05-20,RACE,10989,0.430603,,
Black or African American,06-05-20,RACE,5717,0.22402,,
Asian,06-05-20,RACE,434,0.017006,,
Other/Multiracial,06-05-20,RACE,3666,0.143652,,
Pending,06-05-20,RACE,4714,0.184718,,
Not Hispanic or Latino,06-05-20,ETHNICITY,12365,0.484522,,
Hispanic,06-05-20,ETHNICITY,5972,0.234013,,
Pending,06-05-20,ETHNICITY,7183,0.281466,,
Female,06-05-20,SEX,10742,0.420925,,
Male,06-05-20,SEX,13819,0.541497,,
Pending,06-05-20,SEX,959,0.037578,,
White,06-06-20,RACE,11179,0.428791,,
Black or African American,06-06-20,RACE,5784,0.221856,,
Asian,06-06-20,RACE,439,0.016839,,
Other/Multiracial,06-06-20,RACE,3833,0.147022,,
Pending,06-06-20,RACE,4836,0.185493,,
Not Hispanic or Latino,06-06-20,ETHNICITY,12534,0.480764,,
Hispanic,06-06-20,ETHNICITY,6149,0.235856,,
Pending,06-06-20,ETHNICITY,7388,0.28338,,
Female,06-06-20,SEX,11003,0.42204,,
Male,06-06-20,SEX,14108,0.541138,,
Pending,06-06-20,SEX,960,0.036823,,
White,06-07-20,RACE,11315,0.428907,,
Black or African American,06-07-20,RACE,5858,0.222054,,
Asian,06-07-20,RACE,441,0.016717,,
Other/Multiracial,06-07-20,RACE,3837,0.145446,,
Pending,06-07-20,RACE,4930,0.186877,,
Not Hispanic or Latino,06-07-20,ETHNICITY,12673,0.480384,,
Hispanic,06-07-20,ETHNICITY,6273,0.237785,,
Pending,06-07-20,ETHNICITY,7435,0.281832,,
Female,06-07-20,SEX,11155,0.422842,,
Male,06-07-20,SEX,14268,0.540844,,
Pending,06-07-20,SEX,958,0.036314,,
White,06-08-20,RACE,11451,0.424993,,
Black or African American,06-08-20,RACE,5915,0.219529,,
Asian,06-08-20,RACE,451,0.016738,,
Other/Multiracial,06-08-20,RACE,3926,0.14571,,
Pending,06-08-20,RACE,5201,0.19303,,
Not Hispanic or Latino,06-08-20,ETHNICITY,12811,0.475468,,
Hispanic,06-08-20,ETHNICITY,6400,0.23753,,
Pending,06-08-20,ETHNICITY,7733,0.287003,,
Female,06-08-20,SEX,11430,0.424213,,
Male,06-08-20,SEX,14545,0.539823,,
Pending,06-08-20,SEX,969,0.035963,,
White,06-09-20,RACE,11778,0.427126,,
Black or African American,06-09-20,RACE,6052,0.219474,,
Asian,06-09-20,RACE,457,0.016573,,
Other/Multiracial,06-09-20,RACE,4091,0.148359,,
Pending,06-09-20,RACE,5197,0.188468,,
Not Hispanic or Latino,06-09-20,ETHNICITY,13126,0.476011,,
Hispanic,06-09-20,ETHNICITY,6693,0.24272,,
Pending,06-09-20,ETHNICITY,7756,0.281269,,
Female,06-09-20,SEX,11756,0.426328,,
Male,06-09-20,SEX,14858,0.538821,,
Pending,06-09-20,SEX,961,0.034850,,
White,06-10-20,RACE,12004,0.430729,,
Black or African American,06-10-20,RACE,6185,0.221931,,
Asian,06-10-20,RACE,461,0.016542,,
Other/Multiracial,06-10-20,RACE,4213,0.151172,,
Pending,06-10-20,RACE,5006,0.179626,,
Not Hispanic or Latino,06-10-20,ETHNICITY,13402,0.480893,,
Hispanic,06-10-20,ETHNICITY,6933,0.248771,,
Pending,06-10-20,ETHNICITY,7534,0.270336,,
Female,06-10-20,SEX,11929,0.428038,,
Male,06-10-20,SEX,14992,0.537945,,
Pending,06-10-20,SEX,948,0.034016,,
White,06-11-20,RACE,12204,0.430628,,
Black or African American,06-11-20,RACE,6319,0.222971,,
Asian,06-11-20,RACE,464,0.016373,,
Other/Multiracial,06-11-20,RACE,4379,0.154517,,
Pending,06-11-20,RACE,4974,0.175512,,
Not Hispanic or Latino,06-11-20,ETHNICITY,13686,0.482922,,
Hispanic,06-11-20,ETHNICITY,7184,0.253493,,
Pending,06-11-20,ETHNICITY,7470,0.263585,,
Female,06-11-20,SEX,12143,0.428476,,
Male,06-11-20,SEX,15272,0.538885,,
Pending,06-11-20,SEX,925,0.032639,,
White,06-12-20,RACE,12617,0.433187,,
Black or African American,06-12-20,RACE,6396,0.219598,,
Asian,06-12-20,RACE,467,0.016034,,
Other/Multiracial,06-12-20,RACE,4579,0.157213,,
Pending,06-12-20,RACE,5067,0.173968,,
Not Hispanic or Latino,06-12-20,ETHNICITY,14045,0.482215,,
Hispanic,06-12-20,ETHNICITY,7479,0.256781,,
Pending,06-12-20,ETHNICITY,7602,0.261004,,
Female,06-12-20,SEX,12485,0.428655,,
Male,06-12-20,SEX,15684,0.538488,,
Pending,06-12-20,SEX,957,0.032857,,
White,06-13-20,RACE,12842,0.434718,,
Black or African American,06-13-20,RACE,6500,0.220033,,
Asian,06-13-20,RACE,467,0.015809,,
Other/Multiracial,06-13-20,RACE,4720,0.159778,,
Pending,06-13-20,RACE,5012,0.169663,,
Not Hispanic or Latino,06-13-20,ETHNICITY,14310,0.484411,,
Hispanic,06-13-20,ETHNICITY,7690,0.260316,,
Pending,06-13-20,ETHNICITY,7541,0.255272,,
Female,06-13-20,SEX,12689,0.429539,,
Male,06-13-20,SEX,15903,0.538337,,
Pending,06-13-20,SEX,949,0.032125,,
White,06-14-20,RACE,12989,0.42682,,
Black or African American,06-14-20,RACE,6570,0.215891,,
Asian,06-14-20,RACE,469,0.015411,,
Other/Multiracial,06-14-20,RACE,4893,0.160785,,
Pending,06-14-20,RACE,5511,0.181092,,
Not Hispanic or Latino,06-14-20,ETHNICITY,14474,0.475618,,
Hispanic,06-14-20,ETHNICITY,7817,0.256868,,
Pending,06-14-20,ETHNICITY,8141,0.267514,,
Female,06-14-20,SEX,13105,0.430632,,
Male,06-14-20,SEX,16357,0.537493,,
Pending,06-14-20,SEX,970,0.031874,,
White,06-15-20,RACE,13117,0.420956,,
Black or African American,06-15-20,RACE,6632,0.212837,,
Asian,06-15-20,RACE,472,0.015148,,
Other/Multiracial,06-15-20,RACE,4960,0.159178,,
Pending,06-15-20,RACE,5979,0.191881,,
Not Hispanic or Latino,06-15-20,ETHNICITY,14622,0.469255,,
Hispanic,06-15-20,ETHNICITY,7995,0.256579,,
Pending,06-15-20,ETHNICITY,8543,0.274166,,
Female,06-15-20,SEX,13483,0.432702,,
Male,06-15-20,SEX,16695,0.535783,,
Pending,06-15-20,SEX,982,0.031515,,
White,06-16-20,RACE,13346,0.41929,,
Black or African American,06-16-20,RACE,6712,0.21087,,
Asian,06-16-20,RACE,484,0.015206,,
Other/Multiracial,06-16-20,RACE,5072,0.159347,,
Pending,06-16-20,RACE,6216,0.195287,,
Not Hispanic or Latino,06-16-20,ETHNICITY,14875,0.467326,,
Hispanic,06-16-20,ETHNICITY,8242,0.258938,,
Pending,06-16-20,ETHNICITY,8713,0.273735,,
Female,06-16-20,SEX,13793,0.433333,,
Male,06-16-20,SEX,17049,0.535627,,
Pending,06-16-20,SEX,988,0.031040,,
White,06-17-20,RACE,13596,0.422985,,
Black or African American,06-17-20,RACE,6801,0.211586,,
Asian,06-17-20,RACE,487,0.015151,,
Other/Multiracial,06-17-20,RACE,5209,0.162057,,
Pending,06-17-20,RACE,6050,0.188221,,
Not Hispanic or Latino,06-17-20,ETHNICITY,15125,0.470553,,
Hispanic,06-17-20,ETHNICITY,8484,0.263945,,
Pending,06-17-20,ETHNICITY,8534,0.265501,,
Female,06-17-20,SEX,13957,0.434216,,
Male,06-17-20,SEX,17211,0.535451,,
Pending,06-17-20,SEX,975,0.030333,,
White,06-18-20,RACE,13903,0.423498,,
Black or African American,06-18-20,RACE,6895,0.210028,,
Asian,06-18-20,RACE,492,0.014987,,
Other/Multiracial,06-18-20,RACE,5360,0.16327,,
Pending,06-18-20,RACE,6179,0.188218,,
Not Hispanic or Latino,06-18-20,ETHNICITY,15335,0.467117,,
Hispanic,06-18-20,ETHNICITY,8748,0.266472,,
Pending,06-18-20,ETHNICITY,8746,0.266411,,
Female,06-18-20,SEX,14268,0.434616,,
Male,06-18-20,SEX,17572,0.535258,,
Pending,06-18-20,SEX,989,0.030126,,
White,06-19-20,RACE,14235,0.418467,,
Black or African American,06-19-20,RACE,7075,0.207984,,
Asian,06-19-20,RACE,501,0.014728,,
Other/Multiracial,06-19-20,RACE,5525,0.162419,,
Pending,06-19-20,RACE,6681,0.196402,,
Not Hispanic or Latino,06-19-20,ETHNICITY,15739,0.46268,,
Hispanic,06-19-20,ETHNICITY,9001,0.264603,,
Pending,06-19-20,ETHNICITY,9277,0.272717,,
Female,06-19-20,SEX,14832,0.436017,,
Male,06-19-20,SEX,18180,0.534439,,
Pending,06-19-20,SEX,1005,0.029544,,
White,06-20-20,RACE,14477,0.420281,,
Black or African American,06-20-20,RACE,7218,0.209545,,
Asian,06-20-20,RACE,503,0.014603,,
Other/Multiracial,06-20-20,RACE,5679,0.164867,,
Pending,06-20-20,RACE,6569,0.190704,,
Not Hispanic or Latino,06-20-20,ETHNICITY,16028,0.465308,,
Hispanic,06-20-20,ETHNICITY,9257,0.268739,,
Pending,06-20-20,ETHNICITY,9161,0.265953,,
Female,06-20-20,SEX,15058,0.437148,,
Male,06-20-20,SEX,18396,0.534053,,
Pending,06-20-20,SEX,992,0.028799,,
White,06-21-20,RACE,14657,0.417555,,
Black or African American,06-21-20,RACE,7312,0.208307,,
Asian,06-21-20,RACE,512,0.014586,,
Other/Multiracial,06-21-20,RACE,5779,0.164634,,
Pending,06-21-20,RACE,6842,0.194918,,
Not Hispanic or Latino,06-21-20,ETHNICITY,16254,0.463051,,
Hispanic,06-21-20,ETHNICITY,9404,0.267905,,
Pending,06-21-20,ETHNICITY,9444,0.269044,,
Female,06-21-20,SEX,15383,0.438237,,
Male,06-21-20,SEX,18727,0.533502,,
Pending,06-21-20,SEX,992,0.028260,,
White,06-22-20,RACE,14869,0.418221,,
Black or African American,06-22-20,RACE,7404,0.208252,,
Asian,06-22-20,RACE,520,0.014626,,
Other/Multiracial,06-22-20,RACE,5902,0.166006,,
Pending,06-22-20,RACE,6858,0.192895,,
Not Hispanic or Latino,06-22-20,ETHNICITY,16489,0.463786,,
Hispanic,06-22-20,ETHNICITY,9594,0.269851,,
Pending,06-22-20,ETHNICITY,9470,0.266363,,
Female,06-22-20,SEX,15610,0.439063,,
Male,06-22-20,SEX,18954,0.53312,,
Pending,06-22-20,SEX,989,0.027818,,
White,06-23-20,RACE,15690,0.432196,,
Black or African American,06-23-20,RACE,8010,0.220643,,
Asian,06-23-20,RACE,523,0.014407,,
Other/Multiracial,06-23-20,RACE,6208,0.171005,,
Pending,06-23-20,RACE,5872,0.16175,,
Not Hispanic or Latino,06-23-20,ETHNICITY,18628,0.513126,,
Hispanic,06-23-20,ETHNICITY,9927,0.273448,,
Pending,06-23-20,ETHNICITY,7748,0.213426,,
Female,06-23-20,SEX,15990,0.440459,,
Male,06-23-20,SEX,19319,0.53216,,
Pending,06-23-20,SEX,994,0.027381,,
White,06-24-20,RACE,15994,0.429542,,
Black or African American,06-24-20,RACE,8117,0.217994,,
Asian,06-24-20,RACE,528,0.014180,,
Other/Multiracial,06-24-20,RACE,6368,0.171022,,
Pending,06-24-20,RACE,6228,0.167262,,
Not Hispanic or Latino,06-24-20,ETHNICITY,18929,0.508366,,
Hispanic,06-24-20,ETHNICITY,10177,0.273318,,
Pending,06-24-20,ETHNICITY,8129,0.218316,,
Female,06-24-20,SEX,16443,0.441601,,
Male,06-24-20,SEX,19794,0.531597,,
Pending,06-24-20,SEX,998,0.026803,,
White,06-25-20,RACE,16340,0.429616,327,0.576
Black or African American,06-25-20,RACE,8235,0.216517,193,0.34
Asian,06-25-20,RACE,537,0.014119,11,0.019
American Indian or Alaska Native,06-25-20,RACE,61,0.001604,1,0.001
Native Hawaiian or Other Pacific Islander,06-25-20,RACE,39,0.001025,1,0.001
Other/Multiracial,06-25-20,RACE,6448,0.169533,32,0.056
Pending,06-25-20,RACE,6374,0.167587,2,0.003
Not Hispanic or Latino,06-25-20,ETHNICITY,19236,0.505758,515,0.908
Hispanic,06-25-20,ETHNICITY,10358,0.272335,49,0.086
Pending,06-25-20,ETHNICITY,8440,0.221907,3,0.005
Female,06-25-20,SEX,16840,0.442762,256,0.451
Male,06-25-20,SEX,20181,0.530604,311,0.548
Pending,06-25-20,SEX,1013,0.026634,0,0
White,06-26-20,RACE,16774,0.425261,333,0.577
Black or African American,06-26-20,RACE,8390,0.212707,198,0.343
Asian,06-26-20,RACE,544,0.013792,11,0.019
American Indian or Alaska Native,06-26-20,RACE,60,0.001521,0,0
Native Hawaiian or Other Pacific Islander,06-26-20,RACE,39,0.000989,1,0.001
Other/Multiracial,06-26-20,RACE,6592,0.167123,32,0.055
Pending,06-26-20,RACE,7045,0.178608,2,0.003
Not Hispanic or Latino,06-26-20,ETHNICITY,19673,0.498758,525,0.909
Hispanic,06-26-20,ETHNICITY,10644,0.269851,49,0.084
Pending,06-26-20,ETHNICITY,9127,0.231391,3,0.005
Female,06-26-20,SEX,17518,0.444123,261,0.452
Male,06-26-20,SEX,20867,0.529028,316,0.547
Pending,06-26-20,SEX,1059,0.026848,0,0
White,06-27-20,RACE,17261,0.429677,335,0.573
Black or African American,06-27-20,RACE,8549,0.21281,201,0.344
Asian,06-27-20,RACE,556,0.013840,11,0.018
American Indian or Alaska Native,06-27-20,RACE,61,0.001518,0,0
Native Hawaiian or Other Pacific Islander,06-27-20,RACE,40,0.000996,1,0.001
Other/Multiracial,06-27-20,RACE,6743,0.167853,34,0.058
Pending,06-27-20,RACE,6962,0.173305,2,0.003
Not Hispanic or Latino,06-27-20,ETHNICITY,20187,0.502514,527,0.902
Hispanic,06-27-20,ETHNICITY,10928,0.27203,51,0.087
Pending,06-27-20,ETHNICITY,9057,0.225456,6,0.01
Female,06-27-20,SEX,17865,0.444713,263,0.45
Male,06-27-20,SEX,21224,0.528328,321,0.549
Pending,06-27-20,SEX,1083,0.026959,0,0
White,06-29-20,RACE,17771,0.420148,338,0.57
Black or African American,06-29-20,RACE,8872,0.209755,206,0.347
Asian,06-29-20,RACE,578,0.013665,11,0.018
American Indian or Alaska Native,06-29-20,RACE,60,0.001419,0,0
Native Hawaiian or Other Pacific Islander,06-29-20,RACE,41,0.000969,1,0.001
Other/Multiracial,06-29-20,RACE,7003,0.165567,34,0.057
Pending,06-29-20,RACE,7972,0.188477,2,0.003
Not Hispanic or Latino,06-29-20,ETHNICITY,20789,0.491501,535,0.903
Hispanic,06-29-20,ETHNICITY,11204,0.264889,51,0.086
Pending,06-29-20,ETHNICITY,10304,0.243611,6,0.01
Female,06-29-20,SEX,18996,0.44911,266,0.449
Male,06-29-20,SEX,22213,0.525167,326,0.55
Pending,06-29-20,SEX,1088,0.025723,0,0
White,06-30-20,RACE,18255,0.419568,342,0.566
Black or African American,06-30-20,RACE,9048,0.207957,212,0.35
Asian,06-30-20,RACE,586,0.013468,11,0.018
American Indian or Alaska Native,06-30-20,RACE,61,0.001402,0,0
Native Hawaiian or Other Pacific Islander,06-30-20,RACE,42,0.000965,1,0.001
Other/Multiracial,06-30-20,RACE,7124,0.163736,36,0.059
Pending,06-30-20,RACE,8393,0.192903,2,0.003
Not Hispanic or Latino,06-30-20,ETHNICITY,21357,0.490864,544,0.9
Hispanic,06-30-20,ETHNICITY,11445,0.263049,53,0.087
Pending,06-30-20,ETHNICITY,10707,0.246087,7,0.011
Female,06-30-20,SEX,19569,0.449769,270,0.447
Male,06-30-20,SEX,22837,0.52488,334,0.552
Pending,06-30-20,SEX,1103,0.025351,0,0
White,07-01-20,RACE,19194,0.423568,344,0.564
Black or African American,07-01-20,RACE,9676,0.213528,215,0.353
Asian,07-01-20,RACE,598,0.013197,11,0.018
American Indian or Alaska Native,07-01-20,RACE,72,0.001589,0,0
Native Hawaiian or Other Pacific Islander,07-01-20,RACE,42,0.000927,1,0.001
Other/Multiracial,07-01-20,RACE,7574,0.167141,36,0.059
Pending,07-01-20,RACE,8159,0.180051,2,0.003
Not Hispanic or Latino,07-01-20,ETHNICITY,22938,0.50619,552,0.906
Hispanic,07-01-20,ETHNICITY,11729,0.258833,53,0.087
Pending,07-01-20,ETHNICITY,10648,0.234977,4,0.006
Female,07-01-20,SEX,20518,0.452786,272,0.446
Male,07-01-20,SEX,23857,0.52647,337,0.553
Pending,07-01-20,SEX,940,0.020744,0,0
White,07-02-20,RACE,19775,0.421732,351,0.566
Black or African American,07-02-20,RACE,9850,0.210066,217,0.35
Asian,07-02-20,RACE,615,0.013116,11,0.017
American Indian or Alaska Native,07-02-20,RACE,72,0.001536,0,0
Native Hawaiian or Other Pacific Islander,07-02-20,RACE,45,0.000960,1,0.001
Other/Multiracial,07-02-20,RACE,7751,0.165302,36,0.058
Pending,07-02-20,RACE,8782,0.187289,4,0.006
Not Hispanic or Latino,07-02-20,ETHNICITY,23502,0.501216,560,0.903
Hispanic,07-02-20,ETHNICITY,11929,0.254404,54,0.087
Pending,07-02-20,ETHNICITY,11459,0.24438,6,0.009
Female,07-02-20,SEX,21332,0.454937,277,0.446
Male,07-02-20,SEX,24612,0.524888,342,0.551
Pending,07-02-20,SEX,946,0.020175,1,0.001
White,07-03-20,RACE,20445,0.419712,356,0.562
Black or African American,07-03-20,RACE,10097,0.20728,221,0.349
Asian,07-03-20,RACE,625,0.012831,11,0.017
American Indian or Alaska Native,07-03-20,RACE,71,0.001458,0,0
Native Hawaiian or Other Pacific Islander,07-03-20,RACE,46,0.000944,1,0.001
Other/Multiracial,07-03-20,RACE,8004,0.164313,39,0.061
Pending,07-03-20,RACE,9424,0.193464,5,0.007
Not Hispanic or Latino,07-03-20,ETHNICITY,24213,0.497064,570,0.9
Hispanic,07-03-20,ETHNICITY,12146,0.249343,57,0.09
Pending,07-03-20,ETHNICITY,12353,0.253593,6,0.009
Female,07-03-20,SEX,22246,0.456684,283,0.447
Male,07-03-20,SEX,25517,0.523834,349,0.551
Pending,07-03-20,SEX,949,0.019482,1,0.001
White,07-04-20,RACE,20861,0.416055,357,0.56
Black or African American,07-04-20,RACE,10343,0.206282,223,0.35
Asian,07-04-20,RACE,628,0.012525,11,0.017
American Indian or Alaska Native,07-04-20,RACE,72,0.001436,0,0
Native Hawaiian or Other Pacific Islander,07-04-20,RACE,48,0.000957,1,0.001
Other/Multiracial,07-04-20,RACE,8172,0.162984,39,0.061
Pending,07-04-20,RACE,10016,0.199761,6,0.009
Not Hispanic or Latino,07-04-20,ETHNICITY,24760,0.493817,573,0.899
Hispanic,07-04-20,ETHNICITY,12285,0.245014,57,0.089
Pending,07-04-20,ETHNICITY,13095,0.261169,7,0.01
Female,07-04-20,SEX,22980,0.458317,285,0.447
Male,07-04-20,SEX,26209,0.522716,351,0.551
Pending,07-04-20,SEX,951,0.018967,1,0.001
White,07-05-20,RACE,21111,0.410472,361,0.558
Black or African American,07-05-20,RACE,10459,0.20336,228,0.352
Asian,07-05-20,RACE,632,0.012288,11,0.017
American Indian or Alaska Native,07-05-20,RACE,72,0.001400,0,0
Native Hawaiian or Other Pacific Islander,07-05-20,RACE,48,0.000933,1,0.001
Other/Multiracial,07-05-20,RACE,8266,0.16072,39,0.06
Pending,07-05-20,RACE,10843,0.210826,6,0.009
Not Hispanic or Latino,07-05-20,ETHNICITY,24993,0.485952,579,0.896
Hispanic,07-05-20,ETHNICITY,12392,0.240944,58,0.089
Pending,07-05-20,ETHNICITY,14046,0.273104,9,0.013
Female,07-05-20,SEX,23617,0.459198,288,0.445
Male,07-05-20,SEX,26861,0.522273,358,0.554
Pending,07-05-20,SEX,953,0.018530,0,0
White,07-06-20,RACE,21497,0.412175,366,0.56
Black or African American,07-06-20,RACE,10640,0.204007,231,0.353
Asian,07-06-20,RACE,639,0.012252,11,0.016
American Indian or Alaska Native,07-06-20,RACE,72,0.001381,0,0
Native Hawaiian or Other Pacific Islander,07-06-20,RACE,48,0.000920,1,0.001
Other/Multiracial,07-06-20,RACE,8449,0.161998,38,0.058
Pending,07-06-20,RACE,10810,0.207267,6,0.009
Not Hispanic or Latino,07-06-20,ETHNICITY,25506,0.489042,585,0.895
Hispanic,07-06-20,ETHNICITY,12524,0.24013,57,0.087
Pending,07-06-20,ETHNICITY,14125,0.270827,11,0.016
Female,07-06-20,SEX,23986,0.459898,291,0.445
Male,07-06-20,SEX,27203,0.52158,362,0.554
Pending,07-06-20,SEX,966,0.018522,0,0
White,07-07-20,RACE,22175,0.414378,372,0.559
Black or African American,07-07-20,RACE,10872,0.203162,234,0.351
Asian,07-07-20,RACE,663,0.012389,12,0.018
American Indian or Alaska Native,07-07-20,RACE,71,0.001327,0,0
Native Hawaiian or Other Pacific Islander,07-07-20,RACE,48,0.000897,1,0.001
Other/Multiracial,07-07-20,RACE,8571,0.160164,39,0.058
Pending,07-07-20,RACE,11114,0.207684,7,0.01
Not Hispanic or Latino,07-07-20,ETHNICITY,26246,0.490451,595,0.894
Hispanic,07-07-20,ETHNICITY,12723,0.237751,58,0.087
Pending,07-07-20,ETHNICITY,14545,0.271798,12,0.018
Female,07-07-20,SEX,24706,0.461674,295,0.443
Male,07-07-20,SEX,27832,0.520088,370,0.556
Pending,07-07-20,SEX,976,0.018238,0,0
White,07-08-20,RACE,23336,0.416818,386,0.563
Black or African American,07-08-20,RACE,11560,0.20648,241,0.351
Asian,07-08-20,RACE,677,0.012092,12,0.017
American Indian or Alaska Native,07-08-20,RACE,78,0.001393,0,0
Native Hawaiian or Other Pacific Islander,07-08-20,RACE,48,0.000857,1,0.001
Other/Multiracial,07-08-20,RACE,8978,0.160362,40,0.058
Pending,07-08-20,RACE,11309,0.201997,5,0.007
Not Hispanic or Latino,07-08-20,ETHNICITY,28390,0.507091,616,0.899
Hispanic,07-08-20,ETHNICITY,13088,0.233773,61,0.089
Pending,07-08-20,ETHNICITY,14508,0.259136,8,0.011
Female,07-08-20,SEX,25996,0.46433,305,0.445
Male,07-08-20,SEX,28997,0.517933,380,0.554
Pending,07-08-20,SEX,993,0.017737,0,0
White,07-09-20,RACE,24113,0.418694,397,0.559
Black or African American,07-09-20,RACE,11825,0.205327,249,0.35
Asian,07-09-20,RACE,688,0.011946,13,0.018
American Indian or Alaska Native,07-09-20,RACE,78,0.001354,0,0
Native Hawaiian or Other Pacific Islander,07-09-20,RACE,50,0.000868,1,0.001
Other/Multiracial,07-09-20,RACE,9149,0.158862,45,0.063
Pending,07-09-20,RACE,11688,0.202948,5,0.007
Not Hispanic or Latino,07-09-20,ETHNICITY,29105,0.505374,633,0.891
Hispanic,07-09-20,ETHNICITY,13253,0.230123,66,0.092
Pending,07-09-20,ETHNICITY,15233,0.264503,11,0.015
Female,07-09-20,SEX,26799,0.465333,312,0.439
Male,07-09-20,SEX,29784,0.517164,398,0.56
Pending,07-09-20,SEX,1008,0.017503,0,0
White,07-10-20,RACE,24754,0.415712,402,0.556
Black or African American,07-10-20,RACE,12100,0.203204,258,0.356
Asian,07-10-20,RACE,694,0.011655,12,0.016
American Indian or Alaska Native,07-10-20,RACE,78,0.001310,0,0
Native Hawaiian or Other Pacific Islander,07-10-20,RACE,53,0.000890,1,0.001
Other/Multiracial,07-10-20,RACE,9311,0.156367,46,0.063
Pending,07-10-20,RACE,12556,0.210862,4,0.005
Not Hispanic or Latino,07-10-20,ETHNICITY,29947,0.502922,644,0.89
Hispanic,07-10-20,ETHNICITY,13478,0.226346,67,0.092
Pending,07-10-20,ETHNICITY,16121,0.270732,12,0.016
Female,07-10-20,SEX,27766,0.466295,319,0.441
Male,07-10-20,SEX,30778,0.516878,404,0.558
Pending,07-10-20,SEX,1002,0.016827,0,0
White,07-11-20,RACE,25559,0.418959,411,0.556
Black or African American,07-11-20,RACE,12323,0.201997,261,0.353
Asian,07-11-20,RACE,705,0.011556,12,0.016
American Indian or Alaska Native,07-11-20,RACE,78,0.001279,0,0
Native Hawaiian or Other Pacific Islander,07-11-20,RACE,56,0.000918,1,0.001
Other/Multiracial,07-11-20,RACE,9498,0.15569,49,0.066
Pending,07-11-20,RACE,12787,0.209602,4,0.005
Not Hispanic or Latino,07-11-20,ETHNICITY,30822,0.505229,657,0.89
Hispanic,07-11-20,ETHNICITY,13706,0.224666,72,0.097
Pending,07-11-20,ETHNICITY,16478,0.270105,9,0.012
Female,07-11-20,SEX,28552,0.46802,325,0.44
Male,07-11-20,SEX,31451,0.515539,413,0.559
Pending,07-11-20,SEX,1003,0.016441,0,0
White,07-12-20,RACE,25886,0.417786,413,0.557
Black or African American,07-12-20,RACE,12551,0.202566,263,0.354
Asian,07-12-20,RACE,710,0.011459,12,0.016
American Indian or Alaska Native,07-12-20,RACE,78,0.001259,0,0
Native Hawaiian or Other Pacific Islander,07-12-20,RACE,56,0.000904,1,0.001
Other/Multiracial,07-12-20,RACE,9635,0.155504,49,0.066
Pending,07-12-20,RACE,13044,0.210523,3,0.004
Not Hispanic or Latino,07-12-20,ETHNICITY,31367,0.506246,660,0.89
Hispanic,07-12-20,ETHNICITY,13846,0.223467,72,0.097
Pending,07-12-20,ETHNICITY,16747,0.270287,9,0.012
Female,07-12-20,SEX,29033,0.468577,327,0.441
Male,07-12-20,SEX,31935,0.515413,414,0.558
Pending,07-12-20,SEX,992,0.01601,0,0
White,07-13-20,RACE,26607,0.40762,415,0.554
Black or African American,07-13-20,RACE,12883,0.197368,266,0.355
Asian,07-13-20,RACE,721,0.011046,12,0.016
American Indian or Alaska Native,07-13-20,RACE,83,0.001272,0,0
Native Hawaiian or Other Pacific Islander,07-13-20,RACE,56,0.000858,1,0.001
Other/Multiracial,07-13-20,RACE,10012,0.153384,49,0.065
Pending,07-13-20,RACE,14912,0.228452,6,0.008
Not Hispanic or Latino,07-13-20,ETHNICITY,31976,0.489873,666,0.889
Hispanic,07-13-20,ETHNICITY,13963,0.213914,73,0.097
Pending,07-13-20,ETHNICITY,19335,0.296213,10,0.013
Female,07-13-20,SEX,30763,0.47129,330,0.44
Male,07-13-20,SEX,33486,0.513007,418,0.558
Pending,07-13-20,SEX,1025,0.015703,1,0.001
White,07-14-20,RACE,27432,0.410732,426,0.555
Black or African American,07-14-20,RACE,13150,0.196892,273,0.355
Asian,07-14-20,RACE,729,0.010915,12,0.015
American Indian or Alaska Native,07-14-20,RACE,84,0.001258,0,0
Native Hawaiian or Other Pacific Islander,07-14-20,RACE,56,0.000838,1,0.001
Other/Multiracial,07-14-20,RACE,10157,0.152078,49,0.063
Pending,07-14-20,RACE,15180,0.227286,6,0.007
Not Hispanic or Latino,07-14-20,ETHNICITY,32952,0.493382,679,0.885
Hispanic,07-14-20,ETHNICITY,14228,0.213032,73,0.095
Pending,07-14-20,ETHNICITY,19608,0.293586,15,0.019
Female,07-14-20,SEX,31566,0.47263,336,0.438
Male,07-14-20,SEX,34190,0.511918,430,0.56
Pending,07-14-20,SEX,1032,0.015452,1,0.001
White,07-15-20,RACE,29104,0.421425,434,0.554
Black or African American,07-15-20,RACE,14151,0.204906,280,0.357
Asian,07-15-20,RACE,741,0.01073,13,0.016
American Indian or Alaska Native,07-15-20,RACE,91,0.001318,0,0
Native Hawaiian or Other Pacific Islander,07-15-20,RACE,57,0.000825,1,0.001
Other/Multiracial,07-15-20,RACE,10575,0.153125,50,0.063
Pending,07-15-20,RACE,14342,0.207671,5,0.006
Not Hispanic or Latino,07-15-20,ETHNICITY,36013,0.521467,696,0.888
Hispanic,07-15-20,ETHNICITY,14622,0.211726,74,0.094
Pending,07-15-20,ETHNICITY,18426,0.266808,13,0.016
Female,07-15-20,SEX,32788,0.474769,343,0.438
Male,07-15-20,SEX,35230,0.510129,440,0.561
Pending,07-15-20,SEX,1043,0.015103,0,0
White,07-16-20,RACE,30043,0.419947,446,0.56
Black or African American,07-16-20,RACE,14422,0.201594,282,0.354
Asian,07-16-20,RACE,760,0.010623,13,0.016
American Indian or Alaska Native,07-16-20,RACE,92,0.001286,0,0
Native Hawaiian or Other Pacific Islander,07-16-20,RACE,57,0.000797,1,0.001
Other/Multiracial,07-16-20,RACE,10850,0.151663,50,0.062
Pending,07-16-20,RACE,15316,0.21409,4,0.005
Not Hispanic or Latino,07-16-20,ETHNICITY,37000,0.517193,711,0.893
Hispanic,07-16-20,ETHNICITY,14862,0.207744,75,0.094
Pending,07-16-20,ETHNICITY,19678,0.275063,10,0.012
Female,07-16-20,SEX,34059,0.476083,350,0.439
Male,07-16-20,SEX,36423,0.509128,446,0.56
Pending,07-16-20,SEX,1058,0.014789,0,0
White,07-17-20,RACE,30936,0.419079,457,0.56
Black or African American,07-17-20,RACE,14737,0.199637,289,0.354
Asian,07-17-20,RACE,766,0.010377,13,0.015
American Indian or Alaska Native,07-17-20,RACE,91,0.001233,0,0
Native Hawaiian or Other Pacific Islander,07-17-20,RACE,58,0.000786,2,0.002
Other/Multiracial,07-17-20,RACE,10933,0.148106,51,0.062
Pending,07-17-20,RACE,16298,0.220783,3,0.003
Not Hispanic or Latino,07-17-20,ETHNICITY,37895,0.51335,733,0.899
Hispanic,07-17-20,ETHNICITY,15030,0.203606,78,0.095
Pending,07-17-20,ETHNICITY,20894,0.283044,4,0.004
Female,07-17-20,SEX,35256,0.477601,360,0.441
Male,07-17-20,SEX,37475,0.507661,455,0.558
Pending,07-17-20,SEX,1088,0.014739,0,0
White,07-18-20,RACE,31837,0.417064,468,0.558
Black or African American,07-18-20,RACE,15111,0.197954,300,0.357
Asian,07-18-20,RACE,774,0.010139,13,0.015
American Indian or Alaska Native,07-18-20,RACE,90,0.001179,0,0
Native Hawaiian or Other Pacific Islander,07-18-20,RACE,60,0.000786,2,0.002
Other/Multiracial,07-18-20,RACE,11196,0.146667,51,0.06
Pending,07-18-20,RACE,17268,0.22621,4,0.004
Not Hispanic or Latino,07-18-20,ETHNICITY,38916,0.509799,753,0.898
Hispanic,07-18-20,ETHNICITY,15228,0.199486,80,0.095
Pending,07-18-20,ETHNICITY,22192,0.290715,5,0.005
Female,07-18-20,SEX,36625,0.479787,367,0.437
Male,07-18-20,SEX,38611,0.505803,470,0.56
Pending,07-18-20,SEX,1100,0.014410,1,0.001
White,07-19-20,RACE,32383,0.414555,468,0.555
Black or African American,07-19-20,RACE,15317,0.196083,304,0.36
Asian,07-19-20,RACE,788,0.010088,14,0.016
American Indian or Alaska Native,07-19-20,RACE,92,0.001178,0,0
Native Hawaiian or Other Pacific Islander,07-19-20,RACE,60,0.000768,2,0.002
Other/Multiracial,07-19-20,RACE,11268,0.144249,51,0.06
Pending,07-19-20,RACE,18207,0.233079,4,0.004
Not Hispanic or Latino,07-19-20,ETHNICITY,39505,0.505729,758,0.899
Hispanic,07-19-20,ETHNICITY,15326,0.196198,80,0.094
Pending,07-19-20,ETHNICITY,23284,0.298073,5,0.005
Female,07-19-20,SEX,37607,0.481431,369,0.437
Male,07-19-20,SEX,39421,0.504653,473,0.561
Pending,07-19-20,SEX,1087,0.013915,1,0.001
White,07-20-20,RACE,32833,0.411678,469,0.553
Black or African American,07-20-20,RACE,15478,0.194072,305,0.36
Asian,07-20-20,RACE,793,0.009943,14,0.016
American Indian or Alaska Native,07-20-20,RACE,94,0.001179,0,0
Native Hawaiian or Other Pacific Islander,07-20-20,RACE,61,0.000765,2,0.002
Other/Multiracial,07-20-20,RACE,11316,0.141886,51,0.06
Pending,07-20-20,RACE,19179,0.240477,6,0.007
Not Hispanic or Latino,07-20-20,ETHNICITY,40006,0.501617,759,0.896
Hispanic,07-20-20,ETHNICITY,15416,0.193294,80,0.094
Pending,07-20-20,ETHNICITY,24332,0.305088,8,0.009
Female,07-20-20,SEX,38543,0.483274,370,0.436
Male,07-20-20,SEX,40117,0.503009,476,0.561
Pending,07-20-20,SEX,1094,0.013717,1,0.001
White,07-21-20,RACE,34124,0.416431,481,0.552
Black or African American,07-21-20,RACE,15752,0.192229,315,0.361
Asian,07-21-20,RACE,814,0.009934,15,0.017
American Indian or Alaska Native,07-21-20,RACE,97,0.001184,0,0
Native Hawaiian or Other Pacific Islander,07-21-20,RACE,65,0.000793,2,0.002
Other/Multiracial,07-21-20,RACE,11792,0.143903,54,0.061
Pending,07-21-20,RACE,19300,0.235527,4,0.004
Not Hispanic or Latino,07-21-20,ETHNICITY,41359,0.504723,777,0.892
Hispanic,07-21-20,ETHNICITY,15656,0.191057,82,0.094
Pending,07-21-20,ETHNICITY,24929,0.30422,12,0.013
Female,07-21-20,SEX,39685,0.484294,376,0.431
Male,07-21-20,SEX,41156,0.502245,495,0.568
Pending,07-21-20,SEX,1103,0.013460,0,0
White,07-22-20,RACE,35281,0.417937,489,0.55
Black or African American,07-22-20,RACE,16107,0.190803,319,0.359
Asian,07-22-20,RACE,832,0.009856,15,0.016
American Indian or Alaska Native,07-22-20,RACE,97,0.001149,0,0
Native Hawaiian or Other Pacific Islander,07-22-20,RACE,69,0.000817,2,0.002
Other/Multiracial,07-22-20,RACE,12059,0.14285,55,0.061
Pending,07-22-20,RACE,19972,0.236587,8,0.009
Not Hispanic or Latino,07-22-20,ETHNICITY,44823,0.530971,793,0.893
Hispanic,07-22-20,ETHNICITY,15996,0.189488,83,0.093
Pending,07-22-20,ETHNICITY,23598,0.279541,12,0.013
Female,07-22-20,SEX,41042,0.486182,382,0.43
Male,07-22-20,SEX,42293,0.501001,506,0.569
Pending,07-22-20,SEX,1082,0.012817,0,0
White,07-23-20,RACE,36998,0.425328,512,0.553
Black or African American,07-23-20,RACE,17171,0.197397,325,0.351
Asian,07-23-20,RACE,845,0.009714,15,0.016
American Indian or Alaska Native,07-23-20,RACE,107,0.001230,2,0.002
Native Hawaiian or Other Pacific Islander,07-23-20,RACE,67,0.000770,2,0.002
Other/Multiracial,07-23-20,RACE,12567,0.14447,59,0.063
Pending,07-23-20,RACE,19232,0.221091,10,0.01
Not Hispanic or Latino,07-23-20,ETHNICITY,46116,0.530148,825,0.891
Hispanic,07-23-20,ETHNICITY,16199,0.186223,87,0.094
Pending,07-23-20,ETHNICITY,24672,0.283629,13,0.014
Female,07-23-20,SEX,42347,0.48682,396,0.428
Male,07-23-20,SEX,43500,0.500075,529,0.571
Pending,07-23-20,SEX,1140,0.013105,0,0
White,07-24-20,RACE,37990,0.42648,523,0.557
Black or African American,07-24-20,RACE,17519,0.19667,328,0.349
Asian,07-24-20,RACE,865,0.009711,15,0.015
American Indian or Alaska Native,07-24-20,RACE,108,0.001212,2,0.002
Native Hawaiian or Other Pacific Islander,07-24-20,RACE,70,0.000786,2,0.002
Other/Multiracial,07-24-20,RACE,12673,0.142269,60,0.063
Pending,07-24-20,RACE,19853,0.222872,8,0.008
Not Hispanic or Latino,07-24-20,ETHNICITY,47256,0.530501,838,0.893
Hispanic,07-24-20,ETHNICITY,16401,0.18412,88,0.093
Pending,07-24-20,ETHNICITY,25421,0.285379,12,0.012
Female,07-24-20,SEX,43422,0.48746,403,0.429
Male,07-24-20,SEX,44498,0.49954,535,0.57
Pending,07-24-20,SEX,1158,0.013000,0,0
White,07-25-20,RACE,38946,0.42894,542,0.562
Black or African American,07-25-20,RACE,17834,0.196418,335,0.347
Asian,07-25-20,RACE,885,0.009747,15,0.015
American Indian or Alaska Native,07-25-20,RACE,108,0.001189,2,0.002
Native Hawaiian or Other Pacific Islander,07-25-20,RACE,71,0.000782,2,0.002
Other/Multiracial,07-25-20,RACE,12733,0.140237,60,0.062
Pending,07-25-20,RACE,20219,0.222686,8,0.008
Not Hispanic or Latino,07-25-20,ETHNICITY,48322,0.532204,858,0.89
Hispanic,07-25-20,ETHNICITY,16591,0.182728,91,0.094
Pending,07-25-20,ETHNICITY,25883,0.285068,15,0.015
Female,07-25-20,SEX,44352,0.48848,411,0.426
Male,07-25-20,SEX,45278,0.498678,553,0.573
Pending,07-25-20,SEX,1166,0.012842,0,0
White,07-26-20,RACE,39810,0.423799,543,0.561
Black or African American,07-26-20,RACE,18149,0.193206,336,0.347
Asian,07-26-20,RACE,898,0.009560,15,0.015
American Indian or Alaska Native,07-26-20,RACE,111,0.001182,2,0.002
Native Hawaiian or Other Pacific Islander,07-26-20,RACE,73,0.000777,2,0.002
Other/Multiracial,07-26-20,RACE,12786,0.136114,60,0.062
Pending,07-26-20,RACE,22109,0.235362,9,0.009
Not Hispanic or Latino,07-26-20,ETHNICITY,49169,0.523431,859,0.888
Hispanic,07-26-20,ETHNICITY,16730,0.1781,91,0.094
Pending,07-26-20,ETHNICITY,28037,0.298469,17,0.017
Female,07-26-20,SEX,46045,0.490174,410,0.423
Male,07-26-20,SEX,46696,0.497104,557,0.576
Pending,07-26-20,SEX,1195,0.012721,0,0
White,07-27-20,RACE,40844,0.423302,547,0.559305
Black or African American,07-27-20,RACE,18408,0.190778,337,0.344581
Other/Multiracial,07-27-20,RACE,13397,0.138845,61,0.062372
Asian,07-27-20,RACE,909,0.009421,15,0.015337
American Indian or Alaska Native,07-27-20,RACE,112,0.001161,2,0.002045
Native Hawaiian or Other Pacific Islander,07-27-20,RACE,71,0.000736,2,0.002045
Pending,07-27-20,RACE,22748,0.235757,14,0.014315
Not Hispanic or Latino,07-27-20,ETHNICITY,50085,0.519075,864,0.883436
Hispanic,07-27-20,ETHNICITY,16867,0.174807,93,0.095092
Pending,07-27-20,ETHNICITY,29537,0.306118,21,0.021472
Female,07-27-20,SEX,47440,0.491662,414,0.423313
Male,07-27-20,SEX,47846,0.49587,564,0.576687
Pending,07-27-20,SEX,1203,0.012468,0,0
